"data","count","itens","ano","mes","dia","dia_semana"
2015-01-02,1,1,2015,1,2,6
2015-01-05,1,1,2015,1,5,2
2015-01-06,6,6,2015,1,6,3
2015-01-07,8,13,2015,1,7,4
2015-01-09,3,3,2015,1,9,6
2015-01-10,2,2,2015,1,10,7
2015-01-12,1,1,2015,1,12,2
2015-01-13,5,5,2015,1,13,3
2015-01-14,1,1,2015,1,14,4
2015-01-15,4,4,2015,1,15,5
2015-01-16,11,17,2015,1,16,6
2015-01-19,9,15,2015,1,19,2
2015-01-20,11,13,2015,1,20,3
2015-01-22,31,31,2015,1,22,5
2015-01-23,9,9,2015,1,23,6
2015-01-24,27,34,2015,1,24,7
2015-01-26,6,6,2015,1,26,2
2015-01-27,8,8,2015,1,27,3
2015-01-28,8,9,2015,1,28,4
2015-01-29,21,27,2015,1,29,5
2015-01-30,14,28,2015,1,30,6
2015-01-31,33,35,2015,1,31,7
2015-02-03,9,12,2015,2,3,3
2015-02-04,7,7,2015,2,4,4
2015-02-05,20,21,2015,2,5,5
2015-02-06,46,48,2015,2,6,6
2015-02-07,7,9,2015,2,7,7
2015-02-09,19,20,2015,2,9,2
2015-02-10,1,2,2015,2,10,3
2015-02-11,14,21,2015,2,11,4
2015-02-12,13,19,2015,2,12,5
2015-02-13,13,14,2015,2,13,6
2015-02-14,40,67,2015,2,14,7
2015-02-16,1,2,2015,2,16,2
2015-02-20,4,4,2015,2,20,6
2015-02-21,12,14,2015,2,21,7
2015-02-25,2,2,2015,2,25,4
2015-02-26,18,36,2015,2,26,5
2015-02-27,17,21,2015,2,27,6
2015-02-28,21,25,2015,2,28,7
2015-03-02,29,45,2015,3,2,2
2015-03-04,1,2,2015,3,4,4
2015-03-05,7,11,2015,3,5,5
2015-03-06,16,25,2015,3,6,6
2015-03-07,24,41,2015,3,7,7
2015-03-10,2,4,2015,3,10,3
2015-03-12,18,18,2015,3,12,5
2015-03-14,8,9,2015,3,14,7
2015-03-17,3,3,2015,3,17,3
2015-03-18,5,5,2015,3,18,4
2015-03-19,7,11,2015,3,19,5
2015-03-20,11,14,2015,3,20,6
2015-03-21,8,17,2015,3,21,7
2015-03-23,1,1,2015,3,23,2
2015-03-24,8,9,2015,3,24,3
2015-03-27,35,36,2015,3,27,6
2015-03-28,28,36,2015,3,28,7
2015-03-30,4,4,2015,3,30,2
2015-03-31,5,6,2015,3,31,3
2015-04-01,5,5,2015,4,1,4
2015-04-04,8,8,2015,4,4,7
2015-04-06,4,4,2015,4,6,2
2015-04-07,2,2,2015,4,7,3
2015-04-08,2,3,2015,4,8,4
2015-04-09,11,12,2015,4,9,5
2015-04-10,2,4,2015,4,10,6
2015-04-11,5,5,2015,4,11,7
2015-04-13,5,5,2015,4,13,2
2015-04-15,3,3,2015,4,15,4
2015-04-16,10,10,2015,4,16,5
2015-04-18,1,1,2015,4,18,7
2015-04-20,5,5,2015,4,20,2
2015-04-23,8,8,2015,4,23,5
2015-04-25,3,3,2015,4,25,7
2015-04-27,4,4,2015,4,27,2
2015-04-30,14,14,2015,4,30,5
2015-05-02,6,8,2015,5,2,7
2015-05-04,5,5,2015,5,4,2
2015-05-05,1,1,2015,5,5,3
2015-05-06,9,9,2015,5,6,4
2015-05-07,6,9,2015,5,7,5
2015-05-08,20,24,2015,5,8,6
2015-05-09,38,45,2015,5,9,7
2015-05-11,1,1,2015,5,11,2
2015-05-12,6,6,2015,5,12,3
2015-05-16,1,1,2015,5,16,7
2015-05-19,14,27,2015,5,19,3
2015-05-20,15,16,2015,5,20,4
2015-05-22,3,12,2015,5,22,6
2015-05-23,18,20,2015,5,23,7
2015-05-27,7,8,2015,5,27,4
2015-05-28,2,2,2015,5,28,5
2015-05-29,1,1,2015,5,29,6
2015-05-30,22,22,2015,5,30,7
2015-06-02,2,3,2015,6,2,3
2015-06-03,1,2,2015,6,3,4
2015-06-05,14,14,2015,6,5,6
2015-06-06,10,16,2015,6,6,7
2015-06-08,4,4,2015,6,8,2
2015-06-09,9,15,2015,6,9,3
2015-06-10,1,1,2015,6,10,4
2015-06-11,2,6,2015,6,11,5
2015-06-12,7,8,2015,6,12,6
2015-06-13,16,17,2015,6,13,7
2015-06-17,1,1,2015,6,17,4
2015-06-18,4,4,2015,6,18,5
2015-06-19,19,27,2015,6,19,6
2015-06-20,12,17,2015,6,20,7
2015-06-22,2,4,2015,6,22,2
2015-06-23,3,3,2015,6,23,3
2015-06-24,1,1,2015,6,24,4
2015-06-26,3,3,2015,6,26,6
2015-06-27,7,8,2015,6,27,7
2015-06-29,8,8,2015,6,29,2
2015-06-30,12,12,2015,6,30,3
2015-07-01,3,6,2015,7,1,4
2015-07-02,1,3,2015,7,2,5
2015-07-03,4,6,2015,7,3,6
2015-07-04,1,2,2015,7,4,7
2015-07-06,4,7,2015,7,6,2
2015-07-07,20,32,2015,7,7,3
2015-07-08,3,3,2015,7,8,4
2015-07-09,5,5,2015,7,9,5
2015-07-10,16,18,2015,7,10,6
2015-07-11,11,13,2015,7,11,7
2015-07-14,2,2,2015,7,14,3
2015-07-17,7,7,2015,7,17,6
2015-07-18,6,9,2015,7,18,7
2015-07-21,1,1,2015,7,21,3
2015-07-22,3,3,2015,7,22,4
2015-07-27,7,7,2015,7,27,2
2015-07-29,5,5,2015,7,29,4
2015-07-30,4,4,2015,7,30,5
2015-07-31,4,5,2015,7,31,6
2015-08-03,5,12,2015,8,3,2
2015-08-04,1,1,2015,8,4,3
2015-08-05,3,3,2015,8,5,4
2015-08-06,4,4,2015,8,6,5
2015-08-07,5,5,2015,8,7,6
2015-08-08,20,36,2015,8,8,7
2015-08-12,2,2,2015,8,12,4
2015-08-13,2,2,2015,8,13,5
2015-08-14,9,20,2015,8,14,6
2015-08-15,13,19,2015,8,15,7
2015-08-17,2,4,2015,8,17,2
2015-08-18,13,14,2015,8,18,3
2015-08-19,4,4,2015,8,19,4
2015-08-20,7,7,2015,8,20,5
2015-08-21,10,11,2015,8,21,6
2015-08-22,25,46,2015,8,22,7
2015-08-24,12,13,2015,8,24,2
2015-08-25,7,8,2015,8,25,3
2015-08-26,6,9,2015,8,26,4
2015-08-27,6,6,2015,8,27,5
2015-08-28,4,5,2015,8,28,6
2015-08-29,5,5,2015,8,29,7
2015-08-31,2,3,2015,8,31,2
2015-09-01,10,10,2015,9,1,3
2015-09-02,12,14,2015,9,2,4
2015-09-03,7,10,2015,9,3,5
2015-09-04,3,3,2015,9,4,6
2015-09-05,11,16,2015,9,5,7
2015-09-09,2,2,2015,9,9,4
2015-09-10,6,6,2015,9,10,5
2015-09-12,15,15,2015,9,12,7
2015-09-14,7,7,2015,9,14,2
2015-09-16,4,6,2015,9,16,4
2015-09-17,7,9,2015,9,17,5
2015-09-19,6,13,2015,9,19,7
2015-09-21,16,16,2015,9,21,2
2015-09-22,14,19,2015,9,22,3
2015-09-23,1,1,2015,9,23,4
2015-09-24,6,6,2015,9,24,5
2015-09-25,2,2,2015,9,25,6
2015-09-26,3,3,2015,9,26,7
2015-09-28,3,4,2015,9,28,2
2015-09-30,17,22,2015,9,30,4
2015-10-02,3,5,2015,10,2,6
2015-10-03,19,26,2015,10,3,7
2015-10-05,1,1,2015,10,5,2
2015-10-07,4,4,2015,10,7,4
2015-10-08,12,12,2015,10,8,5
2015-10-09,4,5,2015,10,9,6
2015-10-10,24,25,2015,10,10,7
2015-10-11,18,18,2015,10,11,1
2015-10-13,11,15,2015,10,13,3
2015-10-14,11,14,2015,10,14,4
2015-10-15,12,13,2015,10,15,5
2015-10-16,3,4,2015,10,16,6
2015-10-17,9,10,2015,10,17,7
2015-10-19,6,8,2015,10,19,2
2015-10-20,13,14,2015,10,20,3
2015-10-21,8,8,2015,10,21,4
2015-10-22,4,4,2015,10,22,5
2015-10-23,19,19,2015,10,23,6
2015-10-24,15,18,2015,10,24,7
2015-10-26,10,10,2015,10,26,2
2015-10-27,32,33,2015,10,27,3
2015-10-28,36,47,2015,10,28,4
2015-10-29,20,20,2015,10,29,5
2015-10-30,22,22,2015,10,30,6
2015-10-31,12,12,2015,10,31,7
2015-11-03,52,56,2015,11,3,3
2015-11-04,103,104,2015,11,4,4
2015-11-05,84,95,2015,11,5,5
2015-11-06,74,76,2015,11,6,6
2015-11-07,48,48,2015,11,7,7
2015-11-09,79,85,2015,11,9,2
2015-11-10,29,29,2015,11,10,3
2015-11-11,86,102,2015,11,11,4
2015-11-12,39,41,2015,11,12,5
2015-11-13,48,59,2015,11,13,6
2015-11-14,232,251,2015,11,14,7
2015-11-16,36,41,2015,11,16,2
2015-11-17,86,93,2015,11,17,3
2015-11-18,103,107,2015,11,18,4
2015-11-19,160,181,2015,11,19,5
2015-11-20,57,59,2015,11,20,6
2015-11-21,99,111,2015,11,21,7
2015-11-23,16,17,2015,11,23,2
2015-11-24,117,125,2015,11,24,3
2015-11-25,32,42,2015,11,25,4
2015-11-26,5,5,2015,11,26,5
2015-11-27,9,9,2015,11,27,6
2015-11-28,36,57,2015,11,28,7
2015-11-30,6,6,2015,11,30,2
2015-12-01,24,24,2015,12,1,3
2015-12-02,12,12,2015,12,2,4
2015-12-03,16,18,2015,12,3,5
2015-12-04,34,49,2015,12,4,6
2015-12-05,49,52,2015,12,5,7
2015-12-06,8,8,2015,12,6,1
2015-12-07,10,11,2015,12,7,2
2015-12-08,3,3,2015,12,8,3
2015-12-09,29,58,2015,12,9,4
2015-12-10,23,26,2015,12,10,5
2015-12-11,19,20,2015,12,11,6
2015-12-12,12,12,2015,12,12,7
2015-12-13,11,12,2015,12,13,1
2015-12-14,22,22,2015,12,14,2
2015-12-15,20,21,2015,12,15,3
2015-12-16,18,18,2015,12,16,4
2015-12-17,22,27,2015,12,17,5
2015-12-18,23,23,2015,12,18,6
2015-12-19,13,13,2015,12,19,7
2015-12-20,8,8,2015,12,20,1
2015-12-21,28,52,2015,12,21,2
2015-12-22,44,51,2015,12,22,3
2015-12-23,30,41,2015,12,23,4
2015-12-24,41,53,2015,12,24,5
2015-12-26,54,69,2015,12,26,7
2015-12-28,3,4,2015,12,28,2
2015-12-29,24,25,2015,12,29,3
2015-12-30,26,27,2015,12,30,4
2015-12-31,40,46,2015,12,31,5
2016-01-02,27,28,2016,1,2,7
2016-01-04,28,34,2016,1,4,2
2016-01-05,29,43,2016,1,5,3
2016-01-06,19,29,2016,1,6,4
2016-01-07,15,17,2016,1,7,5
2016-01-08,20,22,2016,1,8,6
2016-01-09,17,18,2016,1,9,7
2016-01-11,14,17,2016,1,11,2
2016-01-12,14,15,2016,1,12,3
2016-01-13,14,15,2016,1,13,4
2016-01-14,6,8,2016,1,14,5
2016-01-15,7,8,2016,1,15,6
2016-01-16,11,12,2016,1,16,7
2016-01-18,17,17,2016,1,18,2
2016-01-19,6,6,2016,1,19,3
2016-01-20,26,36,2016,1,20,4
2016-01-21,22,33,2016,1,21,5
2016-01-22,14,22,2016,1,22,6
2016-01-23,32,46,2016,1,23,7
2016-01-25,35,37,2016,1,25,2
2016-01-26,39,46,2016,1,26,3
2016-01-27,16,29,2016,1,27,4
2016-01-28,25,32,2016,1,28,5
2016-01-29,29,39,2016,1,29,6
2016-01-30,20,25,2016,1,30,7
2016-02-01,51,57,2016,2,1,2
2016-02-02,14,15,2016,2,2,3
2016-02-03,13,15,2016,2,3,4
2016-02-04,14,14,2016,2,4,5
2016-02-05,23,24,2016,2,5,6
2016-02-06,15,21,2016,2,6,7
2016-02-08,25,26,2016,2,8,2
2016-02-10,11,11,2016,2,10,4
2016-02-11,17,24,2016,2,11,5
2016-02-12,14,15,2016,2,12,6
2016-02-13,14,14,2016,2,13,7
2016-02-15,13,17,2016,2,15,2
2016-02-16,9,11,2016,2,16,3
2016-02-17,15,15,2016,2,17,4
2016-02-18,10,14,2016,2,18,5
2016-02-19,9,9,2016,2,19,6
2016-02-20,15,15,2016,2,20,7
2016-02-22,24,30,2016,2,22,2
2016-02-23,9,13,2016,2,23,3
2016-02-24,14,22,2016,2,24,4
2016-02-25,28,31,2016,2,25,5
2016-02-26,9,10,2016,2,26,6
2016-02-27,6,7,2016,2,27,7
2016-02-29,10,12,2016,2,29,2
2016-03-01,4,4,2016,3,1,3
2016-03-02,14,18,2016,3,2,4
2016-03-03,5,5,2016,3,3,5
2016-03-04,9,10,2016,3,4,6
2016-03-05,24,27,2016,3,5,7
2016-03-07,6,8,2016,3,7,2
2016-03-08,18,25,2016,3,8,3
2016-03-09,17,22,2016,3,9,4
2016-03-10,13,21,2016,3,10,5
2016-03-11,5,5,2016,3,11,6
2016-03-12,26,27,2016,3,12,7
2016-03-14,8,12,2016,3,14,2
2016-03-15,4,6,2016,3,15,3
2016-03-16,7,7,2016,3,16,4
2016-03-17,13,23,2016,3,17,5
2016-03-18,10,10,2016,3,18,6
2016-03-19,11,15,2016,3,19,7
2016-03-21,1,1,2016,3,21,2
2016-03-22,7,15,2016,3,22,3
2016-03-23,8,8,2016,3,23,4
2016-03-24,7,8,2016,3,24,5
2016-03-26,39,61,2016,3,26,7
2016-03-28,10,10,2016,3,28,2
2016-03-29,6,16,2016,3,29,3
2016-03-30,2,4,2016,3,30,4
2016-03-31,25,26,2016,3,31,5
2016-04-01,28,52,2016,4,1,6
2016-04-02,18,19,2016,4,2,7
2016-04-04,21,24,2016,4,4,2
2016-04-05,5,6,2016,4,5,3
2016-04-07,17,17,2016,4,7,5
2016-04-08,14,15,2016,4,8,6
2016-04-09,16,18,2016,4,9,7
2016-04-11,2,2,2016,4,11,2
2016-04-12,3,6,2016,4,12,3
2016-04-13,11,20,2016,4,13,4
2016-04-14,4,4,2016,4,14,5
2016-04-15,3,3,2016,4,15,6
2016-04-16,2,3,2016,4,16,7
2016-04-18,9,13,2016,4,18,2
2016-04-19,5,6,2016,4,19,3
2016-04-20,21,22,2016,4,20,4
2016-04-23,21,26,2016,4,23,7
2016-04-25,6,6,2016,4,25,2
2016-04-26,11,13,2016,4,26,3
2016-04-27,2,2,2016,4,27,4
2016-04-28,6,8,2016,4,28,5
2016-04-29,15,17,2016,4,29,6
2016-04-30,11,18,2016,4,30,7
2016-05-02,11,13,2016,5,2,2
2016-05-03,7,11,2016,5,3,3
2016-05-04,8,8,2016,5,4,4
2016-05-05,11,22,2016,5,5,5
2016-05-06,9,9,2016,5,6,6
2016-05-07,22,24,2016,5,7,7
2016-05-08,9,9,2016,5,8,1
2016-05-09,7,9,2016,5,9,2
2016-05-10,6,8,2016,5,10,3
2016-05-11,5,5,2016,5,11,4
2016-05-12,9,12,2016,5,12,5
2016-05-13,5,5,2016,5,13,6
2016-05-14,12,13,2016,5,14,7
2016-05-16,24,27,2016,5,16,2
2016-05-17,17,22,2016,5,17,3
2016-05-18,22,23,2016,5,18,4
2016-05-19,22,22,2016,5,19,5
2016-05-20,8,8,2016,5,20,6
2016-05-21,13,14,2016,5,21,7
2016-05-23,4,7,2016,5,23,2
2016-05-24,30,39,2016,5,24,3
2016-05-25,5,7,2016,5,25,4
2016-05-27,5,7,2016,5,27,6
2016-05-28,14,20,2016,5,28,7
2016-05-30,3,3,2016,5,30,2
2016-06-01,8,8,2016,6,1,4
2016-06-02,11,13,2016,6,2,5
2016-06-03,12,12,2016,6,3,6
2016-06-04,23,26,2016,6,4,7
2016-06-06,18,20,2016,6,6,2
2016-06-07,7,11,2016,6,7,3
2016-06-08,12,14,2016,6,8,4
2016-06-09,3,3,2016,6,9,5
2016-06-10,14,14,2016,6,10,6
2016-06-11,38,55,2016,6,11,7
2016-06-13,12,16,2016,6,13,2
2016-06-14,9,10,2016,6,14,3
2016-06-15,8,10,2016,6,15,4
2016-06-16,6,9,2016,6,16,5
2016-06-17,23,23,2016,6,17,6
2016-06-18,6,6,2016,6,18,7
2016-06-20,10,10,2016,6,20,2
2016-06-21,9,14,2016,6,21,3
2016-06-22,8,8,2016,6,22,4
2016-06-23,13,13,2016,6,23,5
2016-06-24,13,16,2016,6,24,6
2016-06-25,15,16,2016,6,25,7
2016-06-27,6,10,2016,6,27,2
2016-06-28,8,8,2016,6,28,3
2016-06-29,2,2,2016,6,29,4
2016-06-30,10,16,2016,6,30,5
2016-07-01,9,15,2016,7,1,6
2016-07-02,19,20,2016,7,2,7
2016-07-04,9,11,2016,7,4,2
2016-07-05,9,9,2016,7,5,3
2016-07-06,9,10,2016,7,6,4
2016-07-07,5,5,2016,7,7,5
2016-07-08,12,13,2016,7,8,6
2016-07-09,15,16,2016,7,9,7
2016-07-11,6,6,2016,7,11,2
2016-07-12,20,53,2016,7,12,3
2016-07-13,2,2,2016,7,13,4
2016-07-14,9,10,2016,7,14,5
2016-07-15,18,26,2016,7,15,6
2016-07-16,35,39,2016,7,16,7
2016-07-18,4,6,2016,7,18,2
2016-07-19,21,29,2016,7,19,3
2016-07-20,3,3,2016,7,20,4
2016-07-21,18,18,2016,7,21,5
2016-07-22,16,23,2016,7,22,6
2016-07-23,9,9,2016,7,23,7
2016-07-26,14,15,2016,7,26,3
2016-07-27,9,9,2016,7,27,4
2016-07-28,7,19,2016,7,28,5
2016-07-29,12,14,2016,7,29,6
2016-07-30,11,13,2016,7,30,7
2016-08-01,9,9,2016,8,1,2
2016-08-02,5,7,2016,8,2,3
2016-08-03,1,1,2016,8,3,4
2016-08-04,9,9,2016,8,4,5
2016-08-05,7,10,2016,8,5,6
2016-08-06,15,20,2016,8,6,7
2016-08-08,30,56,2016,8,8,2
2016-08-09,12,14,2016,8,9,3
2016-08-10,12,18,2016,8,10,4
2016-08-11,16,35,2016,8,11,5
2016-08-12,8,10,2016,8,12,6
2016-08-13,18,18,2016,8,13,7
2016-08-15,27,37,2016,8,15,2
2016-08-16,4,5,2016,8,16,3
2016-08-17,9,9,2016,8,17,4
2016-08-18,11,15,2016,8,18,5
2016-08-19,19,26,2016,8,19,6
2016-08-20,10,13,2016,8,20,7
2016-08-22,29,31,2016,8,22,2
2016-08-23,5,8,2016,8,23,3
2016-08-24,10,10,2016,8,24,4
2016-08-25,3,3,2016,8,25,5
2016-08-26,14,22,2016,8,26,6
2016-08-27,46,52,2016,8,27,7
2016-08-29,28,40,2016,8,29,2
2016-08-30,26,41,2016,8,30,3
2016-08-31,16,17,2016,8,31,4
2016-09-01,16,33,2016,9,1,5
2016-09-02,4,8,2016,9,2,6
2016-09-03,6,6,2016,9,3,7
2016-09-05,6,7,2016,9,5,2
2016-09-06,8,8,2016,9,6,3
2016-09-08,7,9,2016,9,8,5
2016-09-09,14,30,2016,9,9,6
2016-09-10,23,25,2016,9,10,7
2016-09-12,10,15,2016,9,12,2
2016-09-13,6,9,2016,9,13,3
2016-09-14,65,130,2016,9,14,4
2016-09-15,9,10,2016,9,15,5
2016-09-16,7,10,2016,9,16,6
2016-09-17,22,31,2016,9,17,7
2016-09-19,6,7,2016,9,19,2
2016-09-21,10,13,2016,9,21,4
2016-09-22,12,12,2016,9,22,5
2016-09-23,5,8,2016,9,23,6
2016-09-24,22,24,2016,9,24,7
2016-09-26,1,1,2016,9,26,2
2016-09-27,10,11,2016,9,27,3
2016-09-28,4,4,2016,9,28,4
2016-09-29,7,7,2016,9,29,5
2016-09-30,6,6,2016,9,30,6
2016-10-01,2,2,2016,10,1,7
2016-10-03,11,23,2016,10,3,2
2016-10-04,9,17,2016,10,4,3
2016-10-05,37,57,2016,10,5,4
2016-10-06,4,4,2016,10,6,5
2016-10-07,20,20,2016,10,7,6
2016-10-08,16,17,2016,10,8,7
2016-10-10,11,11,2016,10,10,2
2016-10-11,14,18,2016,10,11,3
2016-10-13,20,21,2016,10,13,5
2016-10-14,11,13,2016,10,14,6
2016-10-15,12,31,2016,10,15,7
2016-10-17,5,5,2016,10,17,2
2016-10-18,2,2,2016,10,18,3
2016-10-19,14,24,2016,10,19,4
2016-10-20,15,16,2016,10,20,5
2016-10-21,18,19,2016,10,21,6
2016-10-22,21,28,2016,10,22,7
2016-10-24,4,5,2016,10,24,2
2016-10-25,14,14,2016,10,25,3
2016-10-26,5,5,2016,10,26,4
2016-10-27,4,4,2016,10,27,5
2016-10-28,3,4,2016,10,28,6
2016-10-29,25,29,2016,10,29,7
2016-10-31,10,14,2016,10,31,2
2016-11-01,2,2,2016,11,1,3
2016-11-03,13,13,2016,11,3,5
2016-11-04,19,26,2016,11,4,6
2016-11-05,29,39,2016,11,5,7
2016-11-07,12,13,2016,11,7,2
2016-11-08,16,16,2016,11,8,3
2016-11-09,24,26,2016,11,9,4
2016-11-10,19,23,2016,11,10,5
2016-11-11,23,30,2016,11,11,6
2016-11-12,12,12,2016,11,12,7
2016-11-14,4,5,2016,11,14,2
2016-11-16,4,4,2016,11,16,4
2016-11-17,1,1,2016,11,17,5
2016-11-18,4,4,2016,11,18,6
2016-11-19,15,19,2016,11,19,7
2016-11-21,7,10,2016,11,21,2
2016-11-22,12,15,2016,11,22,3
2016-11-23,4,4,2016,11,23,4
2016-11-24,3,3,2016,11,24,5
2016-11-25,18,18,2016,11,25,6
2016-11-26,25,38,2016,11,26,7
2016-11-28,2,2,2016,11,28,2
2016-11-29,2,2,2016,11,29,3
2016-11-30,19,22,2016,11,30,4
2016-12-01,29,46,2016,12,1,5
2016-12-02,41,64,2016,12,2,6
2016-12-03,15,38,2016,12,3,7
2016-12-04,2,2,2016,12,4,1
2016-12-05,10,15,2016,12,5,2
2016-12-06,13,15,2016,12,6,3
2016-12-07,10,10,2016,12,7,4
2016-12-08,11,14,2016,12,8,5
2016-12-09,4,8,2016,12,9,6
2016-12-10,26,33,2016,12,10,7
2016-12-11,12,13,2016,12,11,1
2016-12-12,26,37,2016,12,12,2
2016-12-13,5,6,2016,12,13,3
2016-12-14,14,15,2016,12,14,4
2016-12-15,13,14,2016,12,15,5
2016-12-16,15,17,2016,12,16,6
2016-12-17,34,39,2016,12,17,7
2016-12-18,15,15,2016,12,18,1
2016-12-19,25,31,2016,12,19,2
2016-12-20,40,61,2016,12,20,3
2016-12-21,36,71,2016,12,21,4
2016-12-22,49,59,2016,12,22,5
2016-12-23,26,41,2016,12,23,6
2016-12-24,33,49,2016,12,24,7
2016-12-26,17,24,2016,12,26,2
2016-12-27,17,18,2016,12,27,3
2016-12-28,16,24,2016,12,28,4
2016-12-29,27,43,2016,12,29,5
2016-12-30,37,41,2016,12,30,6
2016-12-31,19,21,2016,12,31,7
2017-01-02,14,14,2017,1,2,2
2017-01-03,18,28,2017,1,3,3
2017-01-04,20,29,2017,1,4,4
2017-01-05,7,16,2017,1,5,5
2017-01-06,35,38,2017,1,6,6
2017-01-07,10,25,2017,1,7,7
2017-01-09,32,40,2017,1,9,2
2017-01-10,11,16,2017,1,10,3
2017-01-11,4,4,2017,1,11,4
2017-01-12,10,14,2017,1,12,5
2017-01-13,34,50,2017,1,13,6
2017-01-14,14,14,2017,1,14,7
2017-01-16,8,9,2017,1,16,2
2017-01-17,30,30,2017,1,17,3
2017-01-18,19,25,2017,1,18,4
2017-01-19,9,9,2017,1,19,5
2017-01-20,13,13,2017,1,20,6
2017-01-21,14,14,2017,1,21,7
2017-01-23,15,17,2017,1,23,2
2017-01-24,23,26,2017,1,24,3
2017-01-25,12,13,2017,1,25,4
2017-01-26,37,46,2017,1,26,5
2017-01-27,38,56,2017,1,27,6
2017-01-28,35,39,2017,1,28,7
2017-01-30,21,28,2017,1,30,2
2017-01-31,21,23,2017,1,31,3
2017-02-01,2,2,2017,2,1,4
2017-02-02,2,3,2017,2,2,5
2017-02-03,11,13,2017,2,3,6
2017-02-04,7,8,2017,2,4,7
2017-02-06,23,29,2017,2,6,2
2017-02-07,31,60,2017,2,7,3
2017-02-08,9,14,2017,2,8,4
2017-02-09,19,21,2017,2,9,5
2017-02-10,40,67,2017,2,10,6
2017-02-11,40,45,2017,2,11,7
2017-02-13,16,17,2017,2,13,2
2017-02-14,24,31,2017,2,14,3
2017-02-15,8,15,2017,2,15,4
2017-02-16,19,30,2017,2,16,5
2017-02-17,21,29,2017,2,17,6
2017-02-18,27,35,2017,2,18,7
2017-02-20,23,27,2017,2,20,2
2017-02-21,17,24,2017,2,21,3
2017-02-22,5,8,2017,2,22,4
2017-02-23,17,21,2017,2,23,5
2017-02-24,13,18,2017,2,24,6
2017-02-25,6,6,2017,2,25,7
2017-02-27,10,14,2017,2,27,2
2017-02-28,14,28,2017,2,28,3
2017-03-01,22,31,2017,3,1,4
2017-03-02,2,2,2017,3,2,5
2017-03-03,10,11,2017,3,3,6
2017-03-04,24,27,2017,3,4,7
2017-03-06,31,37,2017,3,6,2
2017-03-07,17,23,2017,3,7,3
2017-03-08,17,31,2017,3,8,4
2017-03-09,21,28,2017,3,9,5
2017-03-10,18,21,2017,3,10,6
2017-03-11,17,30,2017,3,11,7
2017-03-13,37,54,2017,3,13,2
2017-03-14,16,16,2017,3,14,3
2017-03-15,34,46,2017,3,15,4
2017-03-16,22,27,2017,3,16,5
2017-03-17,29,37,2017,3,17,6
2017-03-18,30,48,2017,3,18,7
2017-03-20,30,40,2017,3,20,2
2017-03-21,42,57,2017,3,21,3
2017-03-22,22,28,2017,3,22,4
2017-03-23,14,16,2017,3,23,5
2017-03-24,25,34,2017,3,24,6
2017-03-25,80,105,2017,3,25,7
2017-03-27,34,53,2017,3,27,2
2017-03-28,85,90,2017,3,28,3
2017-03-29,41,51,2017,3,29,4
2017-03-30,29,32,2017,3,30,5
2017-03-31,36,49,2017,3,31,6
2017-04-01,34,37,2017,4,1,7
2017-04-03,19,24,2017,4,3,2
2017-04-04,11,15,2017,4,4,3
2017-04-05,19,22,2017,4,5,4
2017-04-06,15,15,2017,4,6,5
2017-04-07,13,14,2017,4,7,6
2017-04-08,19,27,2017,4,8,7
2017-04-10,37,46,2017,4,10,2
2017-04-11,5,7,2017,4,11,3
2017-04-12,19,35,2017,4,12,4
2017-04-13,45,51,2017,4,13,5
2017-04-15,66,79,2017,4,15,7
2017-04-17,23,30,2017,4,17,2
2017-04-18,27,62,2017,4,18,3
2017-04-19,18,26,2017,4,19,4
2017-04-20,30,32,2017,4,20,5
2017-04-22,11,11,2017,4,22,7
2017-04-24,40,43,2017,4,24,2
2017-04-25,14,15,2017,4,25,3
2017-04-26,15,24,2017,4,26,4
2017-04-27,10,15,2017,4,27,5
2017-04-28,44,45,2017,4,28,6
2017-04-29,17,27,2017,4,29,7
2017-05-02,17,21,2017,5,2,3
2017-05-03,35,45,2017,5,3,4
2017-05-04,75,102,2017,5,4,5
2017-05-05,49,62,2017,5,5,6
2017-05-06,26,28,2017,5,6,7
2017-05-08,67,70,2017,5,8,2
2017-05-09,28,35,2017,5,9,3
2017-05-10,28,28,2017,5,10,4
2017-05-11,50,55,2017,5,11,5
2017-05-12,33,41,2017,5,12,6
2017-05-13,70,99,2017,5,13,7
2017-05-15,16,21,2017,5,15,2
2017-05-16,28,36,2017,5,16,3
2017-05-17,18,19,2017,5,17,4
2017-05-18,18,36,2017,5,18,5
2017-05-19,13,14,2017,5,19,6
2017-05-20,26,28,2017,5,20,7
2017-05-22,16,18,2017,5,22,2
2017-05-23,25,32,2017,5,23,3
2017-05-24,43,49,2017,5,24,4
2017-05-25,26,30,2017,5,25,5
2017-05-26,15,16,2017,5,26,6
2017-05-27,8,8,2017,5,27,7
2017-05-29,12,14,2017,5,29,2
2017-05-30,9,11,2017,5,30,3
2017-05-31,20,28,2017,5,31,4
2017-06-01,24,31,2017,6,1,5
2017-06-02,20,32,2017,6,2,6
2017-06-03,21,30,2017,6,3,7
2017-06-05,18,20,2017,6,5,2
2017-06-06,22,24,2017,6,6,3
2017-06-07,24,38,2017,6,7,4
2017-06-08,27,29,2017,6,8,5
2017-06-09,13,20,2017,6,9,6
2017-06-10,40,71,2017,6,10,7
2017-06-12,27,30,2017,6,12,2
2017-06-13,20,33,2017,6,13,3
2017-06-14,28,34,2017,6,14,4
2017-06-16,35,41,2017,6,16,6
2017-06-17,29,47,2017,6,17,7
2017-06-19,48,61,2017,6,19,2
2017-06-20,32,39,2017,6,20,3
2017-06-21,11,18,2017,6,21,4
2017-06-22,34,34,2017,6,22,5
2017-06-23,16,20,2017,6,23,6
2017-06-24,60,74,2017,6,24,7
2017-06-26,16,23,2017,6,26,2
2017-06-27,9,10,2017,6,27,3
2017-06-28,7,11,2017,6,28,4
2017-06-29,13,15,2017,6,29,5
2017-06-30,45,56,2017,6,30,6
2017-07-01,13,16,2017,7,1,7
2017-07-03,5,8,2017,7,3,2
2017-07-04,9,11,2017,7,4,3
2017-07-05,12,21,2017,7,5,4
2017-07-06,11,14,2017,7,6,5
2017-07-07,25,32,2017,7,7,6
2017-07-08,51,69,2017,7,8,7
2017-07-10,35,36,2017,7,10,2
2017-07-11,74,105,2017,7,11,3
2017-07-12,31,34,2017,7,12,4
2017-07-13,37,59,2017,7,13,5
2017-07-14,32,41,2017,7,14,6
2017-07-15,9,9,2017,7,15,7
2017-07-17,15,24,2017,7,17,2
2017-07-18,47,65,2017,7,18,3
2017-07-19,23,25,2017,7,19,4
2017-07-20,20,23,2017,7,20,5
2017-07-21,21,22,2017,7,21,6
2017-07-22,52,56,2017,7,22,7
2017-07-24,22,24,2017,7,24,2
2017-07-25,4,4,2017,7,25,3
2017-07-26,22,27,2017,7,26,4
2017-07-27,15,19,2017,7,27,5
2017-07-28,33,44,2017,7,28,6
2017-07-29,38,58,2017,7,29,7
2017-07-31,25,29,2017,7,31,2
2017-08-01,6,9,2017,8,1,3
2017-08-02,10,17,2017,8,2,4
2017-08-03,2,2,2017,8,3,5
2017-08-04,12,15,2017,8,4,6
2017-08-05,22,25,2017,8,5,7
2017-08-07,26,30,2017,8,7,2
2017-08-08,15,20,2017,8,8,3
2017-08-09,22,23,2017,8,9,4
2017-08-10,74,83,2017,8,10,5
2017-08-11,44,69,2017,8,11,6
2017-08-12,68,82,2017,8,12,7
2017-08-14,49,57,2017,8,14,2
2017-08-15,24,33,2017,8,15,3
2017-08-16,33,39,2017,8,16,4
2017-08-17,28,34,2017,8,17,5
2017-08-18,35,39,2017,8,18,6
2017-08-19,18,38,2017,8,19,7
2017-08-21,18,18,2017,8,21,2
2017-08-22,14,15,2017,8,22,3
2017-08-23,31,35,2017,8,23,4
2017-08-24,8,10,2017,8,24,5
2017-08-25,5,5,2017,8,25,6
2017-08-26,24,25,2017,8,26,7
2017-08-28,12,13,2017,8,28,2
2017-08-29,12,15,2017,8,29,3
2017-08-30,12,20,2017,8,30,4
2017-08-31,62,72,2017,8,31,5
2017-09-01,71,89,2017,9,1,6
2017-09-02,44,52,2017,9,2,7
2017-09-04,14,19,2017,9,4,2
2017-09-05,42,50,2017,9,5,3
2017-09-06,18,21,2017,9,6,4
2017-09-08,23,24,2017,9,8,6
2017-09-09,20,22,2017,9,9,7
2017-09-10,17,23,2017,9,10,1
2017-09-11,29,34,2017,9,11,2
2017-09-12,24,34,2017,9,12,3
2017-09-13,14,19,2017,9,13,4
2017-09-14,5,5,2017,9,14,5
2017-09-15,27,31,2017,9,15,6
2017-09-16,29,30,2017,9,16,7
2017-09-18,26,30,2017,9,18,2
2017-09-19,33,55,2017,9,19,3
2017-09-21,14,16,2017,9,21,5
2017-09-22,38,47,2017,9,22,6
2017-09-23,23,38,2017,9,23,7
2017-09-25,38,45,2017,9,25,2
2017-09-26,16,20,2017,9,26,3
2017-09-27,21,25,2017,9,27,4
2017-09-28,23,27,2017,9,28,5
2017-09-29,41,50,2017,9,29,6
2017-09-30,84,103,2017,9,30,7
2017-10-02,20,23,2017,10,2,2
2017-10-03,4,5,2017,10,3,3
2017-10-04,15,9,2017,10,4,4
2017-10-05,15,15,2017,10,5,5
2017-10-06,54,56,2017,10,6,6
2017-10-07,20,22,2017,10,7,7
2017-10-09,26,36,2017,10,9,2
2017-10-10,19,24,2017,10,10,3
2017-10-11,13,21,2017,10,11,4
2017-10-13,31,32,2017,10,13,6
2017-10-14,58,62,2017,10,14,7
2017-10-16,32,32,2017,10,16,2
2017-10-17,19,18,2017,10,17,3
2017-10-18,21,32,2017,10,18,4
2017-10-19,31,34,2017,10,19,5
2017-10-20,25,32,2017,10,20,6
2017-10-21,29,34,2017,10,21,7
2017-10-23,21,12,2017,10,23,2
2017-10-24,7,12,2017,10,24,3
2017-10-25,8,10,2017,10,25,4
2017-10-26,18,36,2017,10,26,5
2017-10-27,16,18,2017,10,27,6
2017-10-28,53,67,2017,10,28,7
2017-10-30,14,16,2017,10,30,2
2017-10-31,24,14,2017,10,31,3
2017-11-01,29,28,2017,11,1,4
2017-11-03,33,22,2017,11,3,6
2017-11-04,21,21,2017,11,4,7
2017-11-06,21,28,2017,11,6,2
2017-11-07,8,8,2017,11,7,3
2017-11-08,27,26,2017,11,8,4
2017-11-09,39,47,2017,11,9,5
2017-11-10,28,28,2017,11,10,6
2017-11-11,51,57,2017,11,11,7
2017-11-13,25,28,2017,11,13,2
2017-11-14,35,25,2017,11,14,3
2017-11-16,52,72,2017,11,16,5
2017-11-17,52,69,2017,11,17,6
2017-11-18,40,45,2017,11,18,7
2017-11-20,46,42,2017,11,20,2
2017-11-21,40,38,2017,11,21,3
2017-11-22,44,45,2017,11,22,4
2017-11-23,30,36,2017,11,23,5
2017-11-24,25,33,2017,11,24,6
2017-11-25,32,36,2017,11,25,7
2017-11-27,48,47,2017,11,27,2
2017-11-28,44,34,2017,11,28,3
2017-11-29,47,47,2017,11,29,4
2017-11-30,70,95,2017,11,30,5
2017-12-01,36,54,2017,12,1,6
2017-12-02,29,41,2017,12,2,7
2017-12-04,28,39,2017,12,4,2
2017-12-05,7,5,2017,12,5,3
2017-12-06,26,30,2017,12,6,4
2017-12-07,47,59,2017,12,7,5
2017-12-08,33,36,2017,12,8,6
2017-12-09,48,72,2017,12,9,7
2017-12-11,73,79,2017,12,11,2
2017-12-12,30,28,2017,12,12,3
2017-12-13,19,20,2017,12,13,4
2017-12-14,31,35,2017,12,14,5
2017-12-15,34,40,2017,12,15,6
2017-12-16,43,45,2017,12,16,7
2017-12-17,10,12,2017,12,17,1
2017-12-18,62,68,2017,12,18,2
2017-12-19,26,23,2017,12,19,3
2017-12-20,75,88,2017,12,20,4
2017-12-21,88,89,2017,12,21,5
2017-12-22,85,96,2017,12,22,6
2017-12-23,79,105,2017,12,23,7
2017-12-24,9,9,2017,12,24,1
2017-12-26,52,54,2017,12,26,3
2017-12-27,41,42,2017,12,27,4
2017-12-28,9,15,2017,12,28,5
2017-12-29,39,38,2017,12,29,6
2017-12-30,109,120,2017,12,30,7
2018-01-02,31,27,2018,1,2,3
2018-01-03,46,34,2018,1,3,4
2018-01-04,47,40,2018,1,4,5
2018-01-05,35,27,2018,1,5,6
2018-01-06,29,22,2018,1,6,7
2018-01-08,17,14,2018,1,8,2
2018-01-09,40,19,2018,1,9,3
2018-01-10,23,21,2018,1,10,4
2018-01-11,41,28,2018,1,11,5
2018-01-12,20,12,2018,1,12,6
2018-01-13,6,9,2018,1,13,7
2018-01-15,16,13,2018,1,15,2
2018-01-16,29,40,2018,1,16,3
2018-01-17,48,69,2018,1,17,4
2018-01-18,38,46,2018,1,18,5
2018-01-19,87,90,2018,1,19,6
2018-01-20,46,42,2018,1,20,7
2018-01-22,52,37,2018,1,22,2
2018-01-23,9,14,2018,1,23,3
2018-01-24,30,31,2018,1,24,4
2018-01-25,22,22,2018,1,25,5
2018-01-26,45,38,2018,1,26,6
2018-01-27,120,105,2018,1,27,7
2018-01-30,40,20,2018,1,30,3
2018-01-31,101,132,2018,1,31,4
2018-02-01,15,21,2018,2,1,5
2018-02-02,34,32,2018,2,2,6
2018-02-03,47,48,2018,2,3,7
2018-02-05,29,30,2018,2,5,2
2018-02-06,27,32,2018,2,6,3
2018-02-07,33,29,2018,2,7,4
2018-02-08,49,38,2018,2,8,5
2018-02-09,60,42,2018,2,9,6
2018-02-10,40,34,2018,2,10,7
2018-02-12,60,60,2018,2,12,2
2018-02-14,30,27,2018,2,14,4
2018-02-15,14,14,2018,2,15,5
2018-02-16,9,19,2018,2,16,6
2018-02-17,113,127,2018,2,17,7
2018-02-19,11,-2,2018,2,19,2
2018-02-20,24,29,2018,2,20,3
2018-02-21,12,15,2018,2,21,4
2018-02-22,21,25,2018,2,22,5
2018-02-23,15,12,2018,2,23,6
2018-02-24,61,60,2018,2,24,7
2018-02-26,21,24,2018,2,26,2
2018-02-27,13,15,2018,2,27,3
2018-02-28,24,10,2018,2,28,4
2018-03-01,27,45,2018,3,1,5
2018-03-02,15,16,2018,3,2,6
2018-03-03,35,44,2018,3,3,7
2018-03-05,32,33,2018,3,5,2
2018-03-06,28,24,2018,3,6,3
2018-03-07,41,40,2018,3,7,4
2018-03-08,29,29,2018,3,8,5
2018-03-09,35,27,2018,3,9,6
2018-03-10,9,11,2018,3,10,7
2018-03-12,23,20,2018,3,12,2
2018-03-13,33,27,2018,3,13,3
2018-03-14,18,23,2018,3,14,4
2018-03-15,33,39,2018,3,15,5
2018-03-16,25,33,2018,3,16,6
2018-03-17,38,33,2018,3,17,7
2018-03-19,27,24,2018,3,19,2
2018-03-20,27,20,2018,3,20,3
2018-03-21,16,12,2018,3,21,4
2018-03-22,20,18,2018,3,22,5
2018-03-23,8,9,2018,3,23,6
2018-03-24,37,24,2018,3,24,7
2018-03-26,35,36,2018,3,26,2
2018-03-27,51,30,2018,3,27,3
2018-03-28,42,43,2018,3,28,4
2018-03-29,70,75,2018,3,29,5
2018-03-31,78,106,2018,3,31,7
2018-04-02,18,16,2018,4,2,2
2018-04-03,4,4,2018,4,3,3
2018-04-04,15,9,2018,4,4,4
2018-04-05,28,28,2018,4,5,5
2018-04-06,14,9,2018,4,6,6
2018-04-07,14,14,2018,4,7,7
2018-04-09,35,45,2018,4,9,2
2018-04-10,15,9,2018,4,10,3
2018-04-11,6,8,2018,4,11,4
2018-04-12,10,7,2018,4,12,5
2018-04-13,40,29,2018,4,13,6
2018-04-14,28,38,2018,4,14,7
2018-04-16,34,36,2018,4,16,2
2018-04-17,14,12,2018,4,17,3
2018-04-18,18,25,2018,4,18,4
2018-04-19,19,19,2018,4,19,5
2018-04-20,55,45,2018,4,20,6
2018-04-21,3,3,2018,4,21,7
2018-04-23,5,5,2018,4,23,2
2018-04-24,19,25,2018,4,24,3
2018-04-25,19,6,2018,4,25,4
2018-04-26,9,12,2018,4,26,5
2018-04-27,14,8,2018,4,27,6
2018-04-28,71,66,2018,4,28,7
2018-04-29,1,1,2018,4,29,1
2018-04-30,15,7,2018,4,30,2
2018-05-02,15,11,2018,5,2,4
2018-05-03,11,10,2018,5,3,5
2018-05-04,23,15,2018,5,4,6
2018-05-05,39,42,2018,5,5,7
2018-05-06,17,19,2018,5,6,1
2018-05-07,10,8,2018,5,7,2
2018-05-08,12,12,2018,5,8,3
2018-05-09,11,10,2018,5,9,4
2018-05-10,16,14,2018,5,10,5
2018-05-11,17,15,2018,5,11,6
2018-05-12,106,138,2018,5,12,7
2018-05-14,11,8,2018,5,14,2
2018-05-15,40,21,2018,5,15,3
2018-05-16,12,12,2018,5,16,4
2018-05-17,20,19,2018,5,17,5
2018-05-18,25,43,2018,5,18,6
2018-05-19,61,61,2018,5,19,7
2018-05-21,15,20,2018,5,21,2
2018-05-22,7,10,2018,5,22,3
2018-05-23,12,21,2018,5,23,4
2018-05-24,193,230,2018,5,24,5
2018-05-25,25,23,2018,5,25,6
2018-05-26,29,29,2018,5,26,7
2018-05-28,10,4,2018,5,28,2
2018-05-29,22,20,2018,5,29,3
2018-05-30,60,20,2018,5,30,4
2018-06-01,14,23,2018,6,1,6
2018-06-02,32,50,2018,6,2,7
2018-06-04,22,19,2018,6,4,2
2018-06-05,6,10,2018,6,5,3
2018-06-06,11,10,2018,6,6,4
2018-06-07,22,23,2018,6,7,5
2018-06-08,17,21,2018,6,8,6
2018-06-09,30,29,2018,6,9,7
2018-06-11,16,14,2018,6,11,2
2018-06-12,40,32,2018,6,12,3
2018-06-13,9,14,2018,6,13,4
2018-06-14,13,3,2018,6,14,5
2018-06-15,44,19,2018,6,15,6
2018-06-16,35,38,2018,6,16,7
2018-06-18,26,14,2018,6,18,2
2018-06-19,13,18,2018,6,19,3
2018-06-20,14,13,2018,6,20,4
2018-06-21,28,34,2018,6,21,5
2018-06-22,31,21,2018,6,22,6
2018-06-23,53,53,2018,6,23,7
2018-06-25,9,7,2018,6,25,2
2018-06-26,16,23,2018,6,26,3
2018-06-27,4,6,2018,6,27,4
2018-06-28,10,13,2018,6,28,5
2018-06-29,12,13,2018,6,29,6
2018-06-30,17,19,2018,6,30,7
2018-07-02,25,26,2018,7,2,2
2018-07-03,12,17,2018,7,3,3
2018-07-04,19,23,2018,7,4,4
2018-07-05,5,7,2018,7,5,5
2018-07-06,13,13,2018,7,6,6
2018-07-07,15,19,2018,7,7,7
2018-07-09,2,6,2018,7,9,2
2018-07-10,3,3,2018,7,10,3
2018-07-11,4,2,2018,7,11,4
2018-07-12,30,25,2018,7,12,5
2018-07-13,29,37,2018,7,13,6
2018-07-14,27,20,2018,7,14,7
2018-07-16,15,17,2018,7,16,2
2018-07-17,21,23,2018,7,17,3
2018-07-18,13,11,2018,7,18,4
2018-07-19,19,25,2018,7,19,5
2018-07-20,17,17,2018,7,20,6
2018-07-21,47,65,2018,7,21,7
2018-07-23,37,37,2018,7,23,2
2018-07-24,14,8,2018,7,24,3
2018-07-25,5,3,2018,7,25,4
2018-07-26,83,85,2018,7,26,5
2018-07-27,23,23,2018,7,27,6
2018-07-28,41,44,2018,7,28,7
2018-07-30,56,65,2018,7,30,2
2018-07-31,26,34,2018,7,31,3
2018-08-01,5,3,2018,8,1,4
2018-08-02,20,20,2018,8,2,5
2018-08-03,40,29,2018,8,3,6
2018-08-04,20,27,2018,8,4,7
2018-08-06,27,39,2018,8,6,2
2018-08-07,18,12,2018,8,7,3
2018-08-08,38,23,2018,8,8,4
2018-08-09,10,11,2018,8,9,5
2018-08-10,36,43,2018,8,10,6
2018-08-11,43,53,2018,8,11,7
2018-08-13,21,16,2018,8,13,2
2018-08-14,31,29,2018,8,14,3
2018-08-15,17,13,2018,8,15,4
2018-08-16,34,44,2018,8,16,5
2018-08-17,34,35,2018,8,17,6
2018-08-18,31,40,2018,8,18,7
2018-08-20,33,14,2018,8,20,2
2018-08-21,13,19,2018,8,21,3
2018-08-22,22,20,2018,8,22,4
2018-08-23,21,6,2018,8,23,5
2018-08-24,34,11,2018,8,24,6
2018-08-25,15,16,2018,8,25,7
2018-08-27,21,25,2018,8,27,2
2018-08-28,12,15,2018,8,28,3
2018-08-29,13,12,2018,8,29,4
2018-08-30,142,131,2018,8,30,5
2018-08-31,38,42,2018,8,31,6
2018-09-01,37,49,2018,9,1,7
2018-09-03,30,28,2018,9,3,2
2018-09-04,6,3,2018,9,4,3
2018-09-05,16,18,2018,9,5,4
2018-09-06,27,34,2018,9,6,5
2018-09-08,12,13,2018,9,8,7
2018-09-10,10,9,2018,9,10,2
2018-09-11,19,15,2018,9,11,3
2018-09-12,14,9,2018,9,12,4
2018-09-13,18,27,2018,9,13,5
2018-09-14,29,43,2018,9,14,6
2018-09-15,68,53,2018,9,15,7
2018-09-17,23,22,2018,9,17,2
2018-09-18,24,31,2018,9,18,3
2018-09-19,30,33,2018,9,19,4
2018-09-21,13,11,2018,9,21,6
2018-09-22,55,33,2018,9,22,7
2018-09-24,10,15,2018,9,24,2
2018-09-25,11,13,2018,9,25,3
2018-09-26,11,9,2018,9,26,4
2018-09-27,55,57,2018,9,27,5
2018-09-28,30,35,2018,9,28,6
2018-09-29,90,89,2018,9,29,7
2018-10-01,35,21,2018,10,1,2
2018-10-02,3,0,2018,10,2,3
2018-10-03,6,6,2018,10,3,4
2018-10-04,7,9,2018,10,4,5
2018-10-05,28,28,2018,10,5,6
2018-10-06,119,113,2018,10,6,7
2018-10-08,26,29,2018,10,8,2
2018-10-09,31,35,2018,10,9,3
2018-10-10,14,17,2018,10,10,4
2018-10-11,14,10,2018,10,11,5
2018-10-13,79,85,2018,10,13,7
2018-10-15,8,8,2018,10,15,2
2018-10-16,33,53,2018,10,16,3
2018-10-17,22,22,2018,10,17,4
2018-10-18,16,13,2018,10,18,5
2018-10-19,20,34,2018,10,19,6
2018-10-20,51,53,2018,10,20,7
2018-10-22,10,3,2018,10,22,2
2018-10-23,21,19,2018,10,23,3
2018-10-24,12,13,2018,10,24,4
2018-10-25,18,14,2018,10,25,5
2018-10-26,13,15,2018,10,26,6
2018-10-27,36,43,2018,10,27,7
2018-10-29,16,18,2018,10,29,2
2018-10-30,3,3,2018,10,30,3
2018-10-31,17,11,2018,10,31,4
2018-11-01,15,21,2018,11,1,5
2018-11-03,19,23,2018,11,3,7
2018-11-05,22,20,2018,11,5,2
2018-11-06,11,9,2018,11,6,3
2018-11-07,7,0,2018,11,7,4
2018-11-08,21,17,2018,11,8,5
2018-11-09,14,13,2018,11,9,6
2018-11-10,33,33,2018,11,10,7
2018-11-12,55,62,2018,11,12,2
2018-11-13,18,15,2018,11,13,3
2018-11-14,7,7,2018,11,14,4
2018-11-16,52,80,2018,11,16,6
2018-11-17,36,37,2018,11,17,7
2018-11-19,12,19,2018,11,19,2
2018-11-20,20,8,2018,11,20,3
2018-11-21,5,3,2018,11,21,4
2018-11-22,99,98,2018,11,22,5
2018-11-23,116,127,2018,11,23,6
2018-11-24,280,264,2018,11,24,7
2018-11-26,17,29,2018,11,26,2
2018-11-27,15,11,2018,11,27,3
2018-11-28,37,22,2018,11,28,4
2018-11-29,19,15,2018,11,29,5
2018-11-30,28,-5,2018,11,30,6
2018-12-01,28,24,2018,12,1,7
2018-12-03,15,28,2018,12,3,2
2018-12-04,20,16,2018,12,4,3
2018-12-05,33,29,2018,12,5,4
2018-12-06,91,107,2018,12,6,5
2018-12-07,26,34,2018,12,7,6
2018-12-08,68,81,2018,12,8,7
2018-12-10,39,36,2018,12,10,2
2018-12-11,53,52,2018,12,11,3
2018-12-12,27,25,2018,12,12,4
2018-12-13,41,44,2018,12,13,5
2018-12-14,86,71,2018,12,14,6
2018-12-15,59,53,2018,12,15,7
2018-12-16,34,26,2018,12,16,1
2018-12-17,31,18,2018,12,17,2
2018-12-18,56,49,2018,12,18,3
2018-12-19,53,43,2018,12,19,4
2018-12-20,46,45,2018,12,20,5
2018-12-21,36,23,2018,12,21,6
2018-12-22,64,92,2018,12,22,7
2018-12-23,27,18,2018,12,23,1
2018-12-24,65,51,2018,12,24,2
2018-12-26,23,22,2018,12,26,4
2018-12-27,45,48,2018,12,27,5
2018-12-28,9,1,2018,12,28,6
2018-12-29,16,9,2018,12,29,7
2018-12-31,29,27,2018,12,31,2
2019-01-02,21,16,2019,1,2,4
2019-01-03,12,8,2019,1,3,5
2019-01-04,6,4,2019,1,4,6
2019-01-05,30,22,2019,1,5,7
2019-01-07,21,29,2019,1,7,2
2019-01-08,69,80,2019,1,8,3
2019-01-09,26,44,2019,1,9,4
2019-01-10,33,34,2019,1,10,5
2019-01-11,36,18,2019,1,11,6
2019-01-12,17,18,2019,1,12,7
2019-01-14,34,39,2019,1,14,2
2019-01-15,17,17,2019,1,15,3
2019-01-16,44,43,2019,1,16,4
2019-01-17,8,9,2019,1,17,5
2019-01-18,18,20,2019,1,18,6
2019-01-19,34,35,2019,1,19,7
2019-01-21,15,32,2019,1,21,2
2019-01-22,16,16,2019,1,22,3
2019-01-23,7,9,2019,1,23,4
2019-01-24,15,18,2019,1,24,5
2019-01-25,36,33,2019,1,25,6
2019-01-26,5,5,2019,1,26,7
2019-01-28,57,-1,2019,1,28,2
2019-01-29,14,15,2019,1,29,3
2019-01-30,28,29,2019,1,30,4
2019-01-31,59,13,2019,1,31,5
2019-02-01,59,54,2019,2,1,6
2019-02-02,28,28,2019,2,2,7
2019-02-04,2,-2,2019,2,4,2
2019-02-05,7,5,2019,2,5,3
2019-02-06,8,7,2019,2,6,4
2019-02-07,10,16,2019,2,7,5
2019-02-08,31,41,2019,2,8,6
2019-02-09,41,63,2019,2,9,7
2019-02-11,10,8,2019,2,11,2
2019-02-12,16,15,2019,2,12,3
2019-02-13,7,9,2019,2,13,4
2019-02-14,6,4,2019,2,14,5
2019-02-15,13,14,2019,2,15,6
2019-02-16,20,20,2019,2,16,7
2019-02-18,21,24,2019,2,18,2
2019-02-19,5,3,2019,2,19,3
2019-02-20,11,9,2019,2,20,4
2019-02-21,17,16,2019,2,21,5
2019-02-22,35,34,2019,2,22,6
2019-02-23,26,27,2019,2,23,7
2019-02-25,9,14,2019,2,25,2
2019-02-26,11,4,2019,2,26,3
2019-02-27,13,11,2019,2,27,4
2019-02-28,41,42,2019,2,28,5
2019-03-01,24,31,2019,3,1,6
2019-03-02,23,20,2019,3,2,7
2019-03-04,33,56,2019,3,4,2
2019-03-06,7,8,2019,3,6,4
2019-03-07,4,4,2019,3,7,5
2019-03-08,20,23,2019,3,8,6
2019-03-09,19,22,2019,3,9,7
2019-03-11,14,13,2019,3,11,2
2019-03-12,8,8,2019,3,12,3
2019-03-13,22,21,2019,3,13,4
2019-03-14,15,13,2019,3,14,5
2019-03-15,25,29,2019,3,15,6
2019-03-16,26,18,2019,3,16,7
2019-03-18,34,16,2019,3,18,2
2019-03-19,9,11,2019,3,19,3
2019-03-20,10,10,2019,3,20,4
2019-03-21,12,22,2019,3,21,5
2019-03-22,51,52,2019,3,22,6
2019-03-23,34,40,2019,3,23,7
2019-03-25,17,21,2019,3,25,2
2019-03-26,29,27,2019,3,26,3
2019-03-27,29,43,2019,3,27,4
2019-03-28,17,17,2019,3,28,5
2019-03-29,28,36,2019,3,29,6
2019-03-30,41,40,2019,3,30,7
2019-04-01,3,5,2019,4,1,2
2019-04-02,12,18,2019,4,2,3
2019-04-03,7,3,2019,4,3,4
2019-04-04,30,24,2019,4,4,5
2019-04-05,15,15,2019,4,5,6
2019-04-06,56,44,2019,4,6,7
2019-04-08,18,23,2019,4,8,2
2019-04-09,10,12,2019,4,9,3
2019-04-10,40,38,2019,4,10,4
2019-04-11,12,20,2019,4,11,5
2019-04-12,30,39,2019,4,12,6
2019-04-13,23,28,2019,4,13,7
2019-04-15,6,7,2019,4,15,2
2019-04-16,22,14,2019,4,16,3
2019-04-17,13,18,2019,4,17,4
2019-04-18,18,19,2019,4,18,5
2019-04-20,11,9,2019,4,20,7
2019-04-22,19,14,2019,4,22,2
2019-04-23,20,17,2019,4,23,3
2019-04-24,12,14,2019,4,24,4
2019-04-25,22,18,2019,4,25,5
2019-04-26,33,31,2019,4,26,6
2019-04-27,27,31,2019,4,27,7
2019-04-29,19,16,2019,4,29,2
2019-04-30,30,24,2019,4,30,3
2019-05-02,18,16,2019,5,2,5
2019-05-03,11,15,2019,5,3,6
2019-05-04,8,8,2019,5,4,7
2019-05-06,9,10,2019,5,6,2
2019-05-07,10,10,2019,5,7,3
2019-05-08,12,14,2019,5,8,4
2019-05-09,11,11,2019,5,9,5
2019-05-10,35,31,2019,5,10,6
2019-05-11,41,30,2019,5,11,7
2019-05-13,16,13,2019,5,13,2
2019-05-14,37,54,2019,5,14,3
2019-05-15,10,12,2019,5,15,4
2019-05-16,21,17,2019,5,16,5
2019-05-17,40,18,2019,5,17,6
2019-05-18,22,22,2019,5,18,7
2019-05-20,23,18,2019,5,20,2
2019-05-21,17,16,2019,5,21,3
2019-05-22,23,27,2019,5,22,4
2019-05-23,54,32,2019,5,23,5
2019-05-24,26,13,2019,5,24,6
2019-05-25,32,30,2019,5,25,7
2019-05-27,13,18,2019,5,27,2
2019-05-28,15,13,2019,5,28,3
2019-05-29,25,21,2019,5,29,4
2019-05-30,16,27,2019,5,30,5
2019-05-31,25,26,2019,5,31,6
2019-06-01,38,43,2019,6,1,7
2019-06-03,1,1,2019,6,3,2
2019-06-04,5,3,2019,6,4,3
2019-06-05,13,7,2019,6,5,4
2019-06-06,37,45,2019,6,6,5
2019-06-07,24,25,2019,6,7,6
2019-06-08,19,20,2019,6,8,7
2019-06-10,11,10,2019,6,10,2
2019-06-11,8,6,2019,6,11,3
2019-06-12,8,10,2019,6,12,4
2019-06-13,10,7,2019,6,13,5
2019-06-14,19,22,2019,6,14,6
2019-06-15,41,17,2019,6,15,7
2019-06-17,3,4,2019,6,17,2
2019-06-18,10,12,2019,6,18,3
2019-06-19,10,13,2019,6,19,4
2019-06-21,8,7,2019,6,21,6
2019-06-22,22,24,2019,6,22,7
2019-06-24,13,13,2019,6,24,2
2019-06-25,2,3,2019,6,25,3
2019-06-26,27,23,2019,6,26,4
2019-06-27,1,1,2019,6,27,5
2019-06-28,15,10,2019,6,28,6
2019-06-29,56,52,2019,6,29,7
2019-07-01,8,8,2019,7,1,2
2019-07-02,14,12,2019,7,2,3
2019-07-03,19,17,2019,7,3,4
2019-07-04,18,9,2019,7,4,5
2019-07-05,30,27,2019,7,5,6
2019-07-06,34,34,2019,7,6,7
2019-07-08,23,26,2019,7,8,2
2019-07-09,18,22,2019,7,9,3
2019-07-10,35,22,2019,7,10,4
2019-07-11,22,10,2019,7,11,5
2019-07-12,12,13,2019,7,12,6
2019-07-13,24,23,2019,7,13,7
2019-07-15,21,18,2019,7,15,2
2019-07-16,4,0,2019,7,16,3
2019-07-17,3,4,2019,7,17,4
2019-07-18,12,17,2019,7,18,5
2019-07-19,11,6,2019,7,19,6
2019-07-20,9,7,2019,7,20,7
2019-07-22,11,9,2019,7,22,2
2019-07-23,6,7,2019,7,23,3
2019-07-24,12,13,2019,7,24,4
2019-07-26,11,9,2019,7,26,6
2019-07-27,18,14,2019,7,27,7
2019-07-29,10,10,2019,7,29,2
2019-07-30,2,2,2019,7,30,3
2019-07-31,31,4,2019,7,31,4
2019-08-01,32,36,2019,8,1,5
2019-08-02,7,8,2019,8,2,6
2019-08-03,25,26,2019,8,3,7
2019-08-05,9,9,2019,8,5,2
2019-08-06,16,3,2019,8,6,3
2019-08-07,25,25,2019,8,7,4
2019-08-08,25,20,2019,8,8,5
2019-08-09,44,44,2019,8,9,6
2019-08-10,35,40,2019,8,10,7
2019-08-12,19,16,2019,8,12,2
2019-08-13,12,10,2019,8,13,3
2019-08-14,6,8,2019,8,14,4
2019-08-15,8,9,2019,8,15,5
2019-08-16,21,20,2019,8,16,6
2019-08-17,11,16,2019,8,17,7
2019-08-19,8,6,2019,8,19,2
2019-08-20,9,9,2019,8,20,3
2019-08-21,8,8,2019,8,21,4
2019-08-22,15,15,2019,8,22,5
2019-08-23,33,31,2019,8,23,6
2019-08-24,16,17,2019,8,24,7
2019-08-26,16,26,2019,8,26,2
2019-08-27,13,10,2019,8,27,3
2019-08-28,6,9,2019,8,28,4
2019-08-29,25,24,2019,8,29,5
2019-08-30,46,44,2019,8,30,6
2019-08-31,69,58,2019,8,31,7
2019-09-02,25,24,2019,9,2,2
2019-09-03,11,11,2019,9,3,3
2019-09-04,25,3,2019,9,4,4
2019-09-05,8,7,2019,9,5,5
2019-09-06,13,17,2019,9,6,6
2019-09-09,25,24,2019,9,9,2
2019-09-10,22,20,2019,9,10,3
2019-09-11,21,15,2019,9,11,4
2019-09-12,12,12,2019,9,12,5
2019-09-13,45,29,2019,9,13,6
2019-09-14,43,47,2019,9,14,7
2019-09-16,16,6,2019,9,16,2
2019-09-17,16,16,2019,9,17,3
2019-09-18,25,22,2019,9,18,4
2019-09-19,7,8,2019,9,19,5
2019-09-21,16,22,2019,9,21,7
2019-09-23,16,27,2019,9,23,2
2019-09-24,22,33,2019,9,24,3
2019-09-25,7,7,2019,9,25,4
2019-09-26,5,6,2019,9,26,5
2019-09-27,29,32,2019,9,27,6
2019-09-28,45,54,2019,9,28,7
2019-09-30,20,20,2019,9,30,2
2019-10-01,12,8,2019,10,1,3
2019-10-02,30,36,2019,10,2,4
2019-10-03,14,9,2019,10,3,5
2019-10-04,15,15,2019,10,4,6
2019-10-05,34,37,2019,10,5,7
2019-10-07,21,18,2019,10,7,2
2019-10-08,26,17,2019,10,8,3
2019-10-09,11,13,2019,10,9,4
2019-10-10,68,44,2019,10,10,5
2019-10-11,104,118,2019,10,11,6
2019-10-12,2,2,2019,10,12,7
2019-10-14,112,136,2019,10,14,2
2019-10-15,39,38,2019,10,15,3
2019-10-16,19,22,2019,10,16,4
2019-10-17,14,14,2019,10,17,5
2019-10-18,23,30,2019,10,18,6
2019-10-19,17,13,2019,10,19,7
2019-10-21,8,13,2019,10,21,2
2019-10-22,6,1,2019,10,22,3
2019-10-23,5,9,2019,10,23,4
2019-10-24,19,14,2019,10,24,5
2019-10-25,26,33,2019,10,25,6
2019-10-26,18,18,2019,10,26,7
2019-10-28,23,17,2019,10,28,2
2019-10-29,3,0,2019,10,29,3
2019-10-30,9,11,2019,10,30,4
2019-10-31,14,11,2019,10,31,5
2019-11-01,32,33,2019,11,1,6
2019-11-04,16,15,2019,11,4,2
2019-11-05,12,21,2019,11,5,3
2019-11-06,32,19,2019,11,6,4
2019-11-07,18,23,2019,11,7,5
2019-11-08,23,26,2019,11,8,6
2019-11-09,44,49,2019,11,9,7
2019-11-11,30,30,2019,11,11,2
2019-11-12,23,28,2019,11,12,3
2019-11-13,16,18,2019,11,13,4
2019-11-14,19,21,2019,11,14,5
2019-11-16,31,36,2019,11,16,7
2019-11-18,8,4,2019,11,18,2
2019-11-19,2,3,2019,11,19,3
2019-11-20,2,2,2019,11,20,4
2019-11-21,90,101,2019,11,21,5
2019-11-22,174,139,2019,11,22,6
2019-11-23,185,205,2019,11,23,7
2019-11-25,13,13,2019,11,25,2
2019-11-26,5,11,2019,11,26,3
2019-11-27,9,11,2019,11,27,4
2019-11-28,19,14,2019,11,28,5
2019-11-29,27,22,2019,11,29,6
2019-11-30,10,10,2019,11,30,7
2019-12-02,26,33,2019,12,2,2
2019-12-03,31,28,2019,12,3,3
2019-12-04,10,13,2019,12,4,4
2019-12-05,13,15,2019,12,5,5
2019-12-06,56,57,2019,12,6,6
2019-12-07,33,33,2019,12,7,7
2019-12-08,4,2,2019,12,8,1
2019-12-09,8,6,2019,12,9,2
2019-12-10,10,9,2019,12,10,3
2019-12-11,43,37,2019,12,11,4
2019-12-12,24,22,2019,12,12,5
2019-12-13,53,52,2019,12,13,6
2019-12-14,51,41,2019,12,14,7
2019-12-15,23,23,2019,12,15,1
2019-12-16,47,42,2019,12,16,2
2019-12-17,28,19,2019,12,17,3
2019-12-18,37,48,2019,12,18,4
2019-12-19,40,21,2019,12,19,5
2019-12-20,28,31,2019,12,20,6
2019-12-21,27,22,2019,12,21,7
2019-12-22,10,15,2019,12,22,1
2019-12-23,78,68,2019,12,23,2
2019-12-24,86,70,2019,12,24,3
2019-12-26,17,19,2019,12,26,5
2019-12-27,25,22,2019,12,27,6
2019-12-28,4,0,2019,12,28,7
2019-12-30,32,34,2019,12,30,2
2019-12-31,22,24,2019,12,31,3
2020-01-02,17,24,2020,1,2,5
2020-01-03,20,23,2020,1,3,6
2020-01-04,5,1,2020,1,4,7
2020-01-06,16,8,2020,1,6,2
2020-01-07,26,24,2020,1,7,3
2020-01-08,67,67,2020,1,8,4
2020-01-09,39,50,2020,1,9,5
2020-01-10,33,37,2020,1,10,6
2020-01-11,38,36,2020,1,11,7
2020-01-13,68,83,2020,1,13,2
2020-01-14,19,17,2020,1,14,3
2020-01-15,52,52,2020,1,15,4
2020-01-16,8,4,2020,1,16,5
2020-01-17,67,73,2020,1,17,6
2020-01-18,13,11,2020,1,18,7
2020-01-20,13,7,2020,1,20,2
2020-01-21,61,56,2020,1,21,3
2020-01-22,15,14,2020,1,22,4
2020-01-23,10,12,2020,1,23,5
2020-01-24,9,7,2020,1,24,6
2020-01-25,43,49,2020,1,25,7
2020-01-27,8,8,2020,1,27,2
2020-01-28,1,2,2020,1,28,3
2020-01-29,11,8,2020,1,29,4
2020-01-30,24,21,2020,1,30,5
2020-01-31,7,7,2020,1,31,6
2020-02-01,19,17,2020,2,1,7
2020-02-03,11,22,2020,2,3,2
2020-02-04,15,15,2020,2,4,3
2020-02-05,13,13,2020,2,5,4
2020-02-06,16,19,2020,2,6,5
2020-02-07,6,7,2020,2,7,6
2020-02-08,29,29,2020,2,8,7
2020-02-10,42,41,2020,2,10,2
2020-02-11,19,15,2020,2,11,3
2020-02-12,22,6,2020,2,12,4
2020-02-13,22,23,2020,2,13,5
2020-02-14,38,37,2020,2,14,6
2020-02-15,47,50,2020,2,15,7
2020-02-17,10,12,2020,2,17,2
2020-02-18,33,24,2020,2,18,3
2020-02-19,37,34,2020,2,19,4
2020-02-20,13,21,2020,2,20,5
2020-02-21,13,12,2020,2,21,6
2020-02-22,20,19,2020,2,22,7
2020-02-24,4,4,2020,2,24,2
